"0","icecream@tastes.good","Joey Shmoey","pbkdf2:sha256:600000$iWirzpRn6TZ06fFJ$e144c75055ed8adcd48e9fdb46388bde9c279a3b5ffb642b6ceaec5446c4b51e","1234 NoWhere Ln","0.00","1"
1,chicken@lmao.tf,Your Mom,pbkdf2:sha256:600000$tJ5CC2JUR8KeSYtZ$5a91e81f8bdd1d9686d485a138efc8631fb02c18d6290d3bf85069ea77c5a309,9876 Somewhere Dr,0.00,0
2,johndoe@email.com,John Doe,pbkdf2:sha256:600000$r4cfhduFdoMMvyOb$6ad5313da26da74ccfedea965808449ae3e9c75f9d617010b921f89912e02771,5678 Elm St,500.50,1
3,janesmith@email.com,Jane Smith,pbkdf2:sha256:600000$MNDzppKyCP1lqdxB$551ffc09e3d14d10ce8229928a3c621376aa3cd011d9de45798e36e103cd8ea4,4321 Oak Ave,750.25,0
4,bob@example.com,Bob Johnson,pbkdf2:sha256:600000$Rlt7cRvgdKUtWyzz$1092dc54fac0fd9bf5656517e4358d570e1e301a9e60c441d07e9ddcc8478846,9876 Maple Rd,2000.75,1
5,alice@example.com,Alice Lee,pbkdf2:sha256:600000$ErFQbPdCWyovnpgV$468774cdfec473e7ff442cc725cfc845b8cbd91dff583f9e9f55ae59b4b293bd,5555 Pine Dr,150.00,0
6,charlie@example.com,Charlie Brown,pbkdf2:sha256:600000$P87aNVJ6ZNEZ8eGr$f1c68707131836ec7e9fd4727e721dbbb3173f65d4176ec332d25dc7e0da294b,7777 Birch Ct,300.60,1
7,emily@example.com,Emily Davis,pbkdf2:sha256:600000$6JjYUuDlMg2REqZA$f5d3a68a37e8278d8480d3639f8670cf0ffe17f813d0718304c019508ccc9f21,9999 Willow Ln,900.45,0
8,david@example.com,David Wilson,pbkdf2:sha256:600000$IX93zxsMj2ZARLSn$04b0f9f5a5cfaed7101796a3ea11be6f413a90f8a13e67f50cf89db458ff07b3,1111 Cedar St,350.30,1
9,sarah@example.com,Sarah Smith,pbkdf2:sha256:600000$GPiViiLvRKij4Qny$67dba19d6469823c69906cf2e1b7c45d21ff6096e12ab108168f4a7ab24c31fb,2222 Spruce Rd,600.20,0
10,michael@example.com,Michael Johnson,pbkdf2:sha256:600000$EQXIA3E87tV5sJpO$abd336d183942e719c17bbd168c127d786317133bb8ee761690079a16fb76237,3333 Oakwood Ave,1200.90,1
11,lauren@example.com,Lauren Smith,pbkdf2:sha256:600000$onstTBvj7KZCQk5e$5f10300bcfacbb13afb98225a9dfcc88e624ed95ef9d7f668ee8f7132b71e481,4444 Oak Lane,200.25,0
12,robert@example.com,Robert Anderson,pbkdf2:sha256:600000$uzOORu0HfkOzrAuz$289b5d30afafcd966bc23d54cf6dfae46702fa6116a845c0f0656aa013ebbd8f,777 Elm St,800.75,1
13,lisa@example.com,Lisa Brown,pbkdf2:sha256:600000$RgZhFLHVHIK6fkTh$d6d4145bb7bebbe75e8bba5c08f5b0ab7f074c3a30c6cf86ac4d9e93525af662,1234 Maple Rd,1000.55,0
14,william@example.com,William Wilson,pbkdf2:sha256:600000$FVmrOuwC0KABM6f3$d76ccb81c17fe4e05618afe098e8cd07aeebeb511e0aef51eb94e9e027c92da2,4567 Pine Dr,700.30,1
15,olivia@example.com,Olivia Davis,pbkdf2:sha256:600000$fDIbvgYTOfYax16E$e1e06e9a71c23837588b71807d952d5f03d38b5d39b74347b480f0376a3be1d6,9876 Cedar Ct,300.50,0
16,ryan@example.com,Ryan Johnson,pbkdf2:sha256:600000$hC6KP39v4OndEdXL$da7799fbf14dfdcd6e59e55ffc7ef88f10aba33e2a709ee3cef1e1b72d6461e6,5555 Birch Ave,1500.90,1
17,emma@example.com,Emma Smith,pbkdf2:sha256:600000$oZG1RpdjVbaC1kig$1171d47c2b72c6ee23cfd2d0898642de3a29a9590b24afcbb1913c5697e82368,6666 Willow Ln,400.60,0
18,jacob@example.com,Jacob Johnson,pbkdf2:sha256:600000$fLi44bF5vaRYLrWs$3c07f7a78c193289e5206da02a7213d1a04b550f4a43fb5aaf5f75d4134780c0,333 Elm St,600.25,1
19,ava@example.com,Ava Anderson,pbkdf2:sha256:600000$i79ezQX9pGrDvtkM$0a5d7253a08d706620e5802201981bff90ec065d52151ece10d16dd4ebf6e000,999 Oakwood Rd,120.75,0
20,nicholas@example.com,Nicholas Smith,pbkdf2:sha256:600000$73zmaCb1BpbrIyeG$09ac48882522bbab071e3ef9bb5c1a971f72032967a64945ca6dc3fa3ffaa024,1111 Spruce Ln,200.30,1
21,oliver@example.com,Oliver White,pbkdf2:sha256:600000$pn0OuUwekuH0Pics$85759b1e72dd46b2c466dfc6a0bec6babd5d39d7151bd2d73de083eb215c2f6a,777 Pine Dr,350.20,0
22,charlotte@example.com,Charlotte Brown,pbkdf2:sha256:600000$DAMNvUTfYl1DHS52$3eaa25819c574db4f381682834d29a8683c9bcea6c5780863ee6936349c31963,1234 Birch Rd,250.50,1
23,daniel@example.com,Daniel Davis,pbkdf2:sha256:600000$QsTiuvml3a4vxMvI$3a2d2ea3101ba7e8ababa40c85926de732209dbbfa4931c4c17f443ee4d5eaa3,567 Elm Ct,800.90,0
24,sophia@example.com,Sophia Smith,pbkdf2:sha256:600000$z9H08Oo6lN4Dz36i$7bf03de96bf48b637c48a1c87c9182037eecba4b43d61f122ed22bcd4e64b4af,4321 Cedar Ave,600.75,1
25,jackson@example.com,Jackson Johnson,pbkdf2:sha256:600000$0MRHmvRcOildIdOL$c81a08580b401a8b05768eabc462cdd060c0031f3db67f61997eefe87b6d3174,5555 Oak Ave,1000.40,0
26,amelia@example.com,Amelia Anderson,pbkdf2:sha256:600000$NP1PPj5urcyVVnRZ$a7a59d425c748288f9fdd98cf6f297db6c4fefd13bf5539dd0cc5a753a1f1c49,9876 Willow Rd,300.30,1
27,ethan@example.com,Ethan Smith,pbkdf2:sha256:600000$9GS6TlADr8MTDMTc$0019fcb1cee8f2d9f7c392b9e59312f90e9cf6838f8a38990b299931f2ff3ce2,6666 Spruce St,150.25,0
28,mia@example.com,Mia Wilson,pbkdf2:sha256:600000$3sdPwDXzomvyzz0N$f057a76f7a199bb2dd3df87f4295285bd04a9b52fd8db592fa6089759d1c8180,2222 Elm Ln,700.60,1
29,logan@example.com,Logan Davis,pbkdf2:sha256:600000$B5TPM7KR3NJucoje$ab028358982889dc447cafd08ac88ae0fe3f457de640a6f93e3d7f2ae98445c2,3333 Cedar Rd,250.70,0
30,liam@example.com,Liam Brown,pbkdf2:sha256:600000$8vkHlwotLH0xsTTK$96c4d3febfc7fa0a6f687221d23831d1993eb0525fa941da4223629177ab8b2d,9876 Spruce Ln,200.70,1
31,noah@example.com,Noah Davis,pbkdf2:sha256:600000$W5QiMKMshu3GeVyn$351118e0abf6fed1efb55ad0b9b2249ce58f4ad1dc65797cf07dcaf3243cfc46,6666 Pine Ave,150.80,0
